agent_id,Age_B01ID,Sex_B01ID,LiveWith_B02ID,EcoStat_B02ID,EdAttn1_B01ID,GenHeal_B01ID,MobDiffSum_B01ID,DrivLic_B02ID,CarAccess_B02ID,OwnCycleN_B01ID,Ebike_B01ID,HHoldStruct_B02ID,AddressType_B01ID,Ten1_B02ID,HLongAN_B01ID,NumCarVan_B02ID,HHIncQDS2024Eng_B01ID,HHoldGOR_B02ID,Settlement2021EW_B02ID,PrivCar2_B01ID,OrdBus2Freq_B01ID,Train2Freq_B01ID,Walk2Freq_B01ID
fictional-england-0160,13,1,1,4,2,3,7,2,3,3,3,5,3,1,6,3,5,6,1,10,2,8,1
fictional-england-0161,12,1,4,2,1,5,7,2,2,3,2,4,8,3,1,2,5,2,3,1,8,1,1
fictional-england-0162,13,1,1,2,1,4,7,3,3,3,3,3,2,2,7,3,3,1,2,10,1,5,5
fictional-england-0163,13,2,3,6,2,2,3,1,2,1,2,4,5,3,3,3,4,9,1,2,6,1,7
fictional-england-0164,16,1,3,2,1,5,1,3,1,2,3,3,6,2,1,2,3,5,1,3,8,8,2
fictional-england-0165,16,2,5,5,1,3,4,1,4,1,2,3,4,1,7,3,2,8,3,10,1,3,7
fictional-england-0166,17,2,3,2,2,2,7,1,3,3,2,5,2,1,7,1,5,8,2,10,1,10,1
fictional-england-0167,12,2,3,2,1,3,5,3,1,3,2,2,1,2,7,1,1,6,2,10,8,2,9
fictional-england-0168,14,1,1,1,2,5,6,2,2,3,1,1,6,1,1,2,1,9,2,2,3,3,9
fictional-england-0169,15,1,2,1,2,5,4,1,3,2,1,5,4,2,5,1,5,3,1,3,3,10,6
fictional-england-0170,16,1,2,6,2,4,1,2,3,1,1,5,6,1,6,2,1,8,3,3,4,5,9
fictional-england-0171,19,1,4,5,2,3,4,1,2,2,1,3,5,1,6,3,1,4,3,1,1,3,10
fictional-england-0172,15,1,2,2,1,1,6,1,3,2,2,3,1,1,5,1,4,2,1,6,8,8,9
fictional-england-0173,16,1,1,6,2,2,7,3,4,1,1,4,6,2,4,3,3,4,2,5,2,1,8
fictional-england-0174,13,2,4,5,2,4,3,1,2,1,2,6,3,2,5,2,4,11,1,8,7,1,6
fictional-england-0175,17,2,4,4,2,5,8,2,3,3,1,1,3,2,7,1,2,10,2,1,4,9,8
fictional-england-0176,16,2,1,6,1,5,4,1,3,2,3,1,7,3,1,1,3,2,2,5,4,4,8
fictional-england-0177,18,2,3,3,2,1,2,2,3,1,1,3,1,2,3,1,4,10,2,5,3,4,7
fictional-england-0178,11,1,1,6,2,2,3,1,3,1,1,6,4,2,6,3,2,6,2,10,5,10,7
fictional-england-0179,14,1,3,2,1,3,7,3,3,3,1,6,2,3,5,1,2,11,3,3,3,3,5
fictional-england-0180,15,1,2,2,2,1,8,2,4,2,2,1,3,1,4,3,5,9,3,8,8,10,8
fictional-england-0181,16,1,1,2,1,3,6,3,4,3,2,3,1,3,2,3,5,8,1,4,4,5,3
fictional-england-0182,14,2,5,6,1,5,8,1,4,2,2,4,6,2,1,2,1,2,2,8,4,6,1
fictional-england-0183,14,2,1,5,1,5,5,3,4,1,3,6,2,1,2,2,4,2,1,5,4,1,2
fictional-england-0184,19,2,3,1,1,2,5,3,2,2,2,1,2,3,7,1,1,1,1,2,7,8,9
fictional-england-0185,11,2,5,5,2,5,6,3,3,3,1,5,2,3,3,3,1,1,2,4,1,4,9
fictional-england-0186,15,2,1,3,2,5,3,3,2,1,3,6,4,3,7,1,1,11,3,6,8,7,5
fictional-england-0187,12,2,4,5,1,2,8,3,3,2,1,1,5,1,5,2,2,10,2,3,2,1,7
fictional-england-0188,19,2,4,4,2,1,3,2,3,2,2,3,2,2,1,2,1,10,2,9,2,9,9
fictional-england-0189,20,2,4,3,1,4,7,3,4,1,2,5,2,3,4,2,5,10,3,4,1,9,4
fictional-england-0190,20,1,1,4,2,3,8,2,1,3,3,3,2,2,6,1,4,8,3,7,3,4,10
fictional-england-0191,14,2,1,5,2,2,6,3,1,2,2,3,4,3,1,1,1,9,2,4,8,8,6
fictional-england-0192,18,2,4,4,2,5,8,2,3,2,1,5,5,3,3,1,3,10,1,1,9,9,8
fictional-england-0193,15,1,3,5,1,4,3,2,2,3,3,5,2,1,5,3,4,4,1,1,1,1,9
fictional-england-0194,16,1,5,1,2,5,1,1,2,1,1,5,1,2,7,2,5,1,1,8,3,4,3
fictional-england-0195,14,1,2,5,1,5,3,1,2,2,2,6,5,1,4,1,3,3,2,6,7,4,1
fictional-england-0196,16,2,2,1,2,2,6,2,2,2,1,4,3,3,2,1,5,6,1,2,8,6,3
fictional-england-0197,16,2,1,3,1,3,8,1,2,1,2,5,1,2,4,3,1,11,1,2,4,6,3
fictional-england-0198,20,1,3,1,2,1,3,1,2,2,2,1,1,3,6,2,2,5,2,5,4,9,3
fictional-england-0199,14,2,2,2,2,4,7,2,1,2,3,6,6,1,1,2,5,11,3,7,5,8,2
