agent_id,resi_city_en,male,deformity,physical_health_,house_owner,hukou_local,education_,employment,married,children_num,household_income_,driver_license,car_ownership,ebike_ownership,bike_ownership,shopping_distance,service_distance,leisure_distance,age,bmi,resi_time,household_size,shopping_time,leisure_time,service_time,resi_prov,shopping_frequency,leisure_frequency,service_frequency,shopping_mode,leisure_mode,service_mode
fictional-china-0160,Example City A,0,1,3,0,1,2,2,1,2,2,1,1,1,1,3,1,1,62,18.81,10,2,3.74,7.5,5.73,3,3,6,2,1,2,5
fictional-china-0161,Example City C,1,0,2,0,1,1,2,1,3,2,0,0,1,0,3,1,3,54,23.63,1,4,8.89,7.18,3.4,1,6,6,2,2,5,4
fictional-china-0162,Example City B,0,0,1,0,1,1,1,0,3,3,1,1,1,0,2,2,2,72,26.1,10,3,1.13,6.71,4.38,3,4,2,5,7,6,2
fictional-china-0163,Example City C,1,0,1,1,1,3,3,1,1,1,1,1,1,0,2,1,3,74,25.67,2,1,6.58,9.34,6.07,2,1,2,3,7,6,3
fictional-china-0164,Example City B,1,1,3,0,1,1,1,0,2,3,1,1,0,0,1,1,2,46,18.69,3,2,3.29,5.95,3.35,1,1,1,4,6,2,5
fictional-china-0165,Example City A,0,0,3,1,0,2,1,1,2,3,0,1,0,1,1,3,1,67,22.85,10,5,2.66,9.38,6.05,3,6,1,5,5,6,4
fictional-china-0166,Example City A,0,1,3,0,0,3,2,0,3,3,1,0,0,0,1,1,3,23,22.31,10,4,8.61,1.55,5.53,3,6,2,1,6,5,2
fictional-china-0167,Example City B,1,0,2,1,0,1,3,0,3,1,0,0,0,0,2,3,2,38,21.3,10,4,1.23,6.0,3.09,3,3,2,5,5,3,6
fictional-china-0168,Example City A,0,0,2,1,1,2,3,1,1,3,1,1,1,1,3,1,3,39,25.73,2,3,4.74,3.05,8.63,1,2,1,3,2,2,3
fictional-china-0169,Example City B,0,1,1,1,1,1,3,1,2,3,1,0,1,0,2,1,3,23,25.73,3,1,6.15,5.82,6.47,2,4,2,3,5,7,6
fictional-china-0170,Example City A,0,0,2,1,0,3,3,1,2,2,1,1,0,1,1,2,3,43,22.16,3,4,1.46,5.94,5.51,3,3,3,2,2,1,2
fictional-china-0171,Example City A,0,0,1,1,0,2,2,0,1,2,1,1,0,0,1,2,1,69,21.87,1,5,4.54,5.25,2.92,3,3,3,2,5,6,6
fictional-china-0172,Example City A,1,1,3,1,0,1,3,0,1,3,0,0,0,1,2,3,2,22,27.86,6,2,6.66,8.43,7.7,3,3,6,4,5,3,2
fictional-china-0173,Example City B,0,0,2,1,1,1,2,1,3,3,0,0,1,0,2,3,2,74,18.01,5,3,5.97,9.36,3.14,2,2,3,1,6,6,5
fictional-china-0174,Example City B,1,0,2,1,0,2,2,0,1,1,0,1,1,0,1,3,2,42,28.29,8,1,8.95,4.66,7.86,2,3,3,5,4,4,2
fictional-china-0175,Example City B,0,1,3,1,0,2,3,1,2,3,0,0,0,1,1,1,2,36,19.94,1,4,1.37,2.49,3.4,3,4,3,4,7,3,2
fictional-china-0176,Example City C,0,0,3,1,1,1,3,0,1,2,1,0,1,1,1,2,1,32,24.53,5,4,3.08,3.78,7.89,1,3,4,4,3,2,2
fictional-china-0177,Example City B,0,0,3,1,1,2,2,0,1,3,1,1,0,0,3,1,1,34,21.68,5,3,2.17,4.97,6.45,1,2,1,1,3,5,1
fictional-china-0178,Example City B,0,1,1,1,0,3,2,1,1,2,0,0,0,0,1,1,2,69,28.74,10,3,2.24,1.41,1.59,3,6,4,3,7,6,5
fictional-china-0179,Example City C,0,0,3,0,0,2,2,0,1,1,0,0,1,1,1,3,2,21,24.44,3,5,4.57,9.67,9.98,2,1,4,1,6,6,3
fictional-china-0180,Example City A,1,1,2,1,1,1,2,1,3,2,0,0,0,0,1,2,1,67,19.32,8,4,5.28,4.63,9.39,2,4,6,5,3,1,6
fictional-china-0181,Example City C,0,0,2,0,1,2,3,1,1,2,1,1,0,1,2,3,3,62,26.46,4,1,3.7,6.59,6.0,1,4,5,2,7,5,5
fictional-china-0182,Example City B,0,1,1,0,1,2,1,1,2,1,1,1,1,1,2,1,3,56,25.42,8,4,9.35,4.17,5.08,1,4,3,4,2,2,7
fictional-china-0183,Example City A,0,0,3,0,0,2,1,1,3,1,0,0,1,0,3,1,1,47,23.95,5,2,1.42,6.55,1.98,1,5,3,2,5,3,2
fictional-china-0184,Example City C,1,1,1,1,1,1,1,1,1,2,0,0,1,1,3,2,2,34,20.76,2,2,5.64,3.59,5.13,3,1,4,6,7,1,2
fictional-china-0185,Example City C,0,0,2,1,1,2,1,1,3,3,0,1,0,0,1,3,2,67,21.8,4,3,5.33,1.02,6.24,1,2,2,1,5,5,4
fictional-china-0186,Example City C,1,1,3,0,1,3,3,0,1,3,0,0,0,0,2,1,1,26,21.47,6,4,8.96,1.09,7.11,3,4,4,2,7,3,4
fictional-china-0187,Example City A,0,0,2,1,0,2,3,0,1,1,0,1,0,1,1,1,2,40,27.4,3,3,7.69,2.71,4.07,2,4,5,5,6,4,2
fictional-china-0188,Example City B,0,1,3,1,0,3,1,0,1,3,0,1,0,0,3,2,1,56,27.56,9,2,5.86,1.73,1.82,1,3,2,5,5,6,5
fictional-china-0189,Example City C,0,1,1,0,1,1,2,1,3,2,0,0,0,1,3,2,3,41,28.78,4,4,6.31,2.82,2.94,2,3,2,1,6,4,4
fictional-china-0190,Example City B,0,0,2,1,1,3,2,0,1,1,0,1,1,0,2,2,3,27,25.31,7,4,7.98,6.63,1.09,3,4,5,6,2,2,1
fictional-china-0191,Example City C,1,1,3,1,0,2,2,0,2,2,0,0,0,0,1,2,3,26,19.19,4,4,8.3,7.55,2.48,1,3,4,6,7,4,3
fictional-china-0192,Example City C,1,1,1,1,0,3,2,0,2,2,0,1,1,0,1,1,3,27,18.67,1,1,5.85,1.51,3.03,2,3,3,1,3,3,1
fictional-china-0193,Example City A,0,0,3,1,1,1,2,0,3,3,1,0,1,0,3,1,3,70,27.42,1,1,6.16,3.03,6.48,3,3,5,4,1,3,3
fictional-china-0194,Example City B,0,0,3,0,0,2,2,1,3,1,1,1,1,0,2,1,1,48,27.62,8,2,8.88,5.99,3.21,3,4,5,6,1,1,3
fictional-china-0195,Example City A,1,0,3,0,1,2,3,1,2,1,1,0,0,1,2,2,1,33,26.44,6,3,2.69,5.14,4.87,2,6,5,2,3,7,1
fictional-china-0196,Example City C,1,1,3,0,1,2,2,1,3,3,1,1,1,1,3,2,2,38,21.72,2,2,3.84,7.9,3.05,1,5,6,2,5,3,4
fictional-china-0197,Example City B,0,1,2,0,0,2,1,0,1,1,0,1,0,1,1,2,3,57,20.83,2,2,5.2,6.3,6.17,2,5,4,4,3,1,3
fictional-china-0198,Example City C,0,1,1,0,1,3,3,1,2,3,0,0,0,0,1,3,1,56,28.71,5,3,3.85,6.2,1.82,3,4,4,1,1,3,3
fictional-china-0199,Example City A,0,1,2,0,1,2,1,0,3,2,0,0,0,0,2,2,1,49,28.83,7,4,2.85,7.95,6.82,1,5,5,1,7,6,3
