agent_id,shopping_frequency,leisure_frequency,service_frequency,shopping_mode,leisure_mode,service_mode
fictional-china-0160,3,3,5,4,7,6
fictional-china-0161,5,3,5,2,6,4
fictional-china-0162,6,5,6,3,5,2
fictional-china-0163,6,5,5,3,4,7
fictional-china-0164,6,5,3,6,5,5
fictional-china-0165,4,3,4,7,3,3
fictional-china-0166,5,6,3,6,3,2
fictional-china-0167,6,5,4,6,4,4
fictional-china-0168,6,6,5,7,4,4
fictional-china-0169,6,4,4,2,7,7
fictional-china-0170,3,5,6,7,3,7
fictional-china-0171,4,3,3,4,7,7
fictional-china-0172,4,6,6,6,5,7
fictional-china-0173,6,6,6,7,1,6
fictional-china-0174,6,4,5,4,1,4
fictional-china-0175,3,2,5,7,3,2
fictional-china-0176,6,2,4,5,7,4
fictional-china-0177,5,5,3,3,7,4
fictional-china-0178,5,2,5,4,6,5
fictional-china-0179,3,5,6,7,6,6
fictional-china-0180,4,4,1,6,5,7
fictional-china-0181,1,1,4,2,3,6
fictional-china-0182,6,6,5,3,3,7
fictional-china-0183,5,1,5,5,5,7
fictional-china-0184,6,5,4,7,5,7
fictional-china-0185,6,6,5,4,7,3
fictional-china-0186,4,3,6,5,4,5
fictional-china-0187,3,6,1,6,7,7
fictional-china-0188,4,5,6,7,5,7
fictional-china-0189,6,2,3,4,3,2
fictional-china-0190,6,6,5,6,5,7
fictional-china-0191,5,2,4,4,3,3
fictional-china-0192,5,6,4,7,4,4
fictional-china-0193,6,2,2,4,7,6
fictional-china-0194,1,5,6,7,7,5
fictional-china-0195,6,3,5,3,1,2
fictional-china-0196,4,4,2,3,7,6
fictional-china-0197,6,6,2,3,5,2
fictional-china-0198,6,6,2,3,3,6
fictional-china-0199,3,6,4,3,7,4
