agent_id,PrivCar2_B01ID,OrdBus2Freq_B01ID,Train2Freq_B01ID,Walk2Freq_B01ID
fictional-england-0160,6,5,9,9
fictional-england-0161,10,10,7,6
fictional-england-0162,9,6,2,9
fictional-england-0163,6,7,2,1
fictional-england-0164,5,6,7,5
fictional-england-0165,5,4,5,2
fictional-england-0166,10,4,8,8
fictional-england-0167,6,5,4,4
fictional-england-0168,3,1,9,3
fictional-england-0169,9,6,3,6
fictional-england-0170,6,6,10,10
fictional-england-0171,8,10,6,4
fictional-england-0172,4,5,8,5
fictional-england-0173,7,3,1,2
fictional-england-0174,4,5,7,8
fictional-england-0175,10,9,3,8
fictional-england-0176,7,6,9,3
fictional-england-0177,7,8,7,7
fictional-england-0178,6,7,1,9
fictional-england-0179,5,3,6,1
fictional-england-0180,7,6,2,6
fictional-england-0181,1,9,4,10
fictional-england-0182,5,3,3,4
fictional-england-0183,8,5,4,10
fictional-england-0184,2,8,4,7
fictional-england-0185,10,4,5,6
fictional-england-0186,7,8,5,6
fictional-england-0187,7,10,1,7
fictional-england-0188,7,10,5,8
fictional-england-0189,6,5,10,8
fictional-england-0190,3,4,8,4
fictional-england-0191,10,2,3,1
fictional-england-0192,9,7,9,7
fictional-england-0193,1,9,3,9
fictional-england-0194,6,6,2,4
fictional-england-0195,7,2,3,4
fictional-england-0196,3,6,5,1
fictional-england-0197,6,6,9,9
fictional-england-0198,9,1,1,9
fictional-england-0199,3,10,4,5
